id,first_name,last_name,email
1,Trixy,Jervoise,tjervoise0@t-online.de
2,Helyn,Rosenstengel,hrosenstengel1@slate.com
3,Irvin,Peacher,ipeacher2@ycombinator.com
4,Mark,MacAlroy,mmacalroy3@yahoo.co.jp
5,Alfie,Plummer,aplummer4@kickstarter.com
6,Honey,Prendergast,hprendergast5@4shared.com
7,Bertram,Goldin,bgoldin6@squarespace.com
8,Tadeas,Myhill,tmyhill7@hud.gov
9,Carmelita,Rowlin,crowlin8@thetimes.co.uk
10,Karyl,Dummer,kdummer9@npr.org
11,Chandra,Goscar,cgoscara@cargocollective.com
12,Phylis,Blannin,pblanninb@seesaa.net
13,Tommy,Skeech,tskeechc@psu.edu
14,Debby,Kelland,dkellandd@icq.com
15,Mandel,Farriar,mfarriare@mapy.cz
16,Fredek,Goulborne,fgoulbornef@behance.net
17,Odella,Cluer,ocluerg@squarespace.com
18,Auguste,Spittall,aspittallh@sourceforge.net
19,Hymie,Hazael,hhazaeli@walmart.com
20,Nealon,Leaver,nleaverj@thetimes.co.uk
21,Mandie,Coumbe,mcoumbek@hibu.com
22,Daryl,Hallahan,dhallahanl@behance.net
23,Jesselyn,Shilstone,jshilstonem@epa.gov
24,Faunie,Lowthian,flowthiann@howstuffworks.com
25,Roderigo,Beddo,rbeddoo@statcounter.com
26,Casi,Ollett,collettp@princeton.edu
27,Molli,Loosmore,mloosmoreq@state.tx.us
28,Celeste,Nulty,cnultyr@issuu.com
29,Neilla,Goulder,ngoulders@sfgate.com
30,Prentiss,Osmar,posmart@livejournal.com
